id,firstname,lastname,email,email2,profession
107,Gianina,Magnolia,Gianina.Magnolia@yopmail.com,Gianina.Magnolia@gmail.com,firefighter
108,Feliza,Rozanna,Feliza.Rozanna@yopmail.com,Feliza.Rozanna@gmail.com,developer
109,Elena,Daniele,Elena.Daniele@yopmail.com,Elena.Daniele@gmail.com,worker
110,Margarette,Iphlgenia,Margarette.Iphlgenia@yopmail.com,Margarette.Iphlgenia@gmail.com,police officer
111,Evita,Durware,Evita.Durware@yopmail.com,Evita.Durware@gmail.com,police officer
112,Fernande,Grimbly,Fernande.Grimbly@yopmail.com,Fernande.Grimbly@gmail.com,police officer
113,Celisse,Solitta,Celisse.Solitta@yopmail.com,Celisse.Solitta@gmail.com,worker
114,Gretal,Randene,Gretal.Randene@yopmail.com,Gretal.Randene@gmail.com,developer
115,Hayley,Yusuk,Hayley.Yusuk@yopmail.com,Hayley.Yusuk@gmail.com,worker
116,Therine,Bevin,Therine.Bevin@yopmail.com,Therine.Bevin@gmail.com,developer
117,Ethel,Clie,Ethel.Clie@yopmail.com,Ethel.Clie@gmail.com,developer
118,Steffane,Bakerman,Steffane.Bakerman@yopmail.com,Steffane.Bakerman@gmail.com,firefighter
119,Gusella,Jaylene,Gusella.Jaylene@yopmail.com,Gusella.Jaylene@gmail.com,firefighter
120,Rubie,Lauraine,Rubie.Lauraine@yopmail.com,Rubie.Lauraine@gmail.com,worker
121,Oona,Kenwood,Oona.Kenwood@yopmail.com,Oona.Kenwood@gmail.com,developer
122,Dennie,Hilbert,Dennie.Hilbert@yopmail.com,Dennie.Hilbert@gmail.com,worker
123,Korrie,Margret,Korrie.Margret@yopmail.com,Korrie.Margret@gmail.com,doctor
124,Christal,Lalitta,Christal.Lalitta@yopmail.com,Christal.Lalitta@gmail.com,doctor
125,Fernande,Kenney,Fernande.Kenney@yopmail.com,Fernande.Kenney@gmail.com,firefighter
126,Nikki,Michella,Nikki.Michella@yopmail.com,Nikki.Michella@gmail.com,worker
127,Gale,Carleen,Gale.Carleen@yopmail.com,Gale.Carleen@gmail.com,police officer
128,Nickie,Brian,Nickie.Brian@yopmail.com,Nickie.Brian@gmail.com,worker
129,Josephine,Aloise,Josephine.Aloise@yopmail.com,Josephine.Aloise@gmail.com,doctor
130,Juliane,Baylor,Juliane.Baylor@yopmail.com,Juliane.Baylor@gmail.com,developer
131,Helena,Marisa,Helena.Marisa@yopmail.com,Helena.Marisa@gmail.com,firefighter
132,Lulita,Adamsen,Lulita.Adamsen@yopmail.com,Lulita.Adamsen@gmail.com,doctor
133,Tera,Burkle,Tera.Burkle@yopmail.com,Tera.Burkle@gmail.com,developer
134,Melanie,Ardra,Melanie.Ardra@yopmail.com,Melanie.Ardra@gmail.com,doctor
135,Basia,Dex,Basia.Dex@yopmail.com,Basia.Dex@gmail.com,developer
136,Philis,Koziara,Philis.Koziara@yopmail.com,Philis.Koziara@gmail.com,firefighter
137,Kate,Linskey,Kate.Linskey@yopmail.com,Kate.Linskey@gmail.com,doctor
138,Constance,Dex,Constance.Dex@yopmail.com,Constance.Dex@gmail.com,worker
139,Beverley,Winnick,Beverley.Winnick@yopmail.com,Beverley.Winnick@gmail.com,worker
140,Frank,Brady,Frank.Brady@yopmail.com,Frank.Brady@gmail.com,firefighter
141,Aurore,Alfons,Aurore.Alfons@yopmail.com,Aurore.Alfons@gmail.com,developer
142,Jaclyn,Karylin,Jaclyn.Karylin@yopmail.com,Jaclyn.Karylin@gmail.com,police officer
143,Gisela,Tengdin,Gisela.Tengdin@yopmail.com,Gisela.Tengdin@gmail.com,worker
144,Claudina,Colleen,Claudina.Colleen@yopmail.com,Claudina.Colleen@gmail.com,police officer
145,Rebeca,Edmund,Rebeca.Edmund@yopmail.com,Rebeca.Edmund@gmail.com,worker
146,Petronia,Sekofski,Petronia.Sekofski@yopmail.com,Petronia.Sekofski@gmail.com,firefighter
147,Mignon,Lasley,Mignon.Lasley@yopmail.com,Mignon.Lasley@gmail.com,worker
148,Theodora,Mozelle,Theodora.Mozelle@yopmail.com,Theodora.Mozelle@gmail.com,developer
149,Lusa,Bashemeth,Lusa.Bashemeth@yopmail.com,Lusa.Bashemeth@gmail.com,developer
150,Maridel,Kendrick,Maridel.Kendrick@yopmail.com,Maridel.Kendrick@gmail.com,worker
151,Sheelagh,Morehouse,Sheelagh.Morehouse@yopmail.com,Sheelagh.Morehouse@gmail.com,firefighter
152,Rosanne,Chabot,Rosanne.Chabot@yopmail.com,Rosanne.Chabot@gmail.com,developer
153,Verla,Seessel,Verla.Seessel@yopmail.com,Verla.Seessel@gmail.com,doctor
154,Frank,Glenden,Frank.Glenden@yopmail.com,Frank.Glenden@gmail.com,doctor
155,Ebonee,Maxi,Ebonee.Maxi@yopmail.com,Ebonee.Maxi@gmail.com,developer
156,Eugine,Rurik,Eugine.Rurik@yopmail.com,Eugine.Rurik@gmail.com,developer
157,Dagmar,Bandeen,Dagmar.Bandeen@yopmail.com,Dagmar.Bandeen@gmail.com,doctor
158,Julieta,Ingra,Julieta.Ingra@yopmail.com,Julieta.Ingra@gmail.com,worker
159,Anallese,Bendick,Anallese.Bendick@yopmail.com,Anallese.Bendick@gmail.com,firefighter
160,Elie,Fax,Elie.Fax@yopmail.com,Elie.Fax@gmail.com,doctor
161,Audrie,Rosalba,Audrie.Rosalba@yopmail.com,Audrie.Rosalba@gmail.com,firefighter
162,Giustina,Minetta,Giustina.Minetta@yopmail.com,Giustina.Minetta@gmail.com,developer
163,Tatiania,Nikaniki,Tatiania.Nikaniki@yopmail.com,Tatiania.Nikaniki@gmail.com,police officer
164,Madelle,Wolfgram,Madelle.Wolfgram@yopmail.com,Madelle.Wolfgram@gmail.com,police officer
165,Marsiella,Huggins,Marsiella.Huggins@yopmail.com,Marsiella.Huggins@gmail.com,developer
166,Lorenza,Kronfeld,Lorenza.Kronfeld@yopmail.com,Lorenza.Kronfeld@gmail.com,firefighter
167,Korrie,Vharat,Korrie.Vharat@yopmail.com,Korrie.Vharat@gmail.com,police officer
168,Aaren,Allys,Aaren.Allys@yopmail.com,Aaren.Allys@gmail.com,worker
169,Marinna,Sheedy,Marinna.Sheedy@yopmail.com,Marinna.Sheedy@gmail.com,developer
170,Carree,Oriana,Carree.Oriana@yopmail.com,Carree.Oriana@gmail.com,police officer
171,Cacilie,Zola,Cacilie.Zola@yopmail.com,Cacilie.Zola@gmail.com,developer
172,Queenie,Therine,Queenie.Therine@yopmail.com,Queenie.Therine@gmail.com,developer
173,Adriana,Jenness,Adriana.Jenness@yopmail.com,Adriana.Jenness@gmail.com,developer
174,Letizia,Burnside,Letizia.Burnside@yopmail.com,Letizia.Burnside@gmail.com,doctor
175,Hyacinthe,Shields,Hyacinthe.Shields@yopmail.com,Hyacinthe.Shields@gmail.com,doctor
176,Delilah,Ledah,Delilah.Ledah@yopmail.com,Delilah.Ledah@gmail.com,doctor
178,Leontine,Dituri,Leontine.Dituri@yopmail.com,Leontine.Dituri@gmail.com,worker
179,Willetta,Parette,Willetta.Parette@yopmail.com,Willetta.Parette@gmail.com,worker
180,Yetty,Monaco,Yetty.Monaco@yopmail.com,Yetty.Monaco@gmail.com,firefighter
181,Maridel,Clywd,Maridel.Clywd@yopmail.com,Maridel.Clywd@gmail.com,doctor
186,Dede,Judye,Dede.Judye@yopmail.com,Dede.Judye@gmail.com,firefighter
187,Phedra,Chinua,Phedra.Chinua@yopmail.com,Phedra.Chinua@gmail.com,police officer
188,Frances,Jethro,Frances.Jethro@yopmail.com,Frances.Jethro@gmail.com,developer
189,Caressa,Ricki,Caressa.Ricki@yopmail.com,Caressa.Ricki@gmail.com,worker
190,Tabbatha,Daniele,Tabbatha.Daniele@yopmail.com,Tabbatha.Daniele@gmail.com,police officer
191,Harmonia,Seligman,Harmonia.Seligman@yopmail.com,Harmonia.Seligman@gmail.com,worker
192,Selma,Leonard,Selma.Leonard@yopmail.com,Selma.Leonard@gmail.com,firefighter
193,Gretal,Sperling,Gretal.Sperling@yopmail.com,Gretal.Sperling@gmail.com,developer
194,Blinni,Morgun,Blinni.Morgun@yopmail.com,Blinni.Morgun@gmail.com,police officer
195,Marcy,Cristi,Marcy.Cristi@yopmail.com,Marcy.Cristi@gmail.com,police officer
196,Daryl,Marsden,Daryl.Marsden@yopmail.com,Daryl.Marsden@gmail.com,doctor
197,Fanchon,Devlen,Fanchon.Devlen@yopmail.com,Fanchon.Devlen@gmail.com,doctor
198,Atlanta,Silvan,Atlanta.Silvan@yopmail.com,Atlanta.Silvan@gmail.com,developer
199,Kathy,Connelly,Kathy.Connelly@yopmail.com,Kathy.Connelly@gmail.com,firefighter
200,Estell,Granoff,Estell.Granoff@yopmail.com,Estell.Granoff@gmail.com,police officer
201,Myriam,Nikaniki,Myriam.Nikaniki@yopmail.com,Myriam.Nikaniki@gmail.com,developer
202,Raina,Junie,Raina.Junie@yopmail.com,Raina.Junie@gmail.com,developer
203,Brena,Moseley,Brena.Moseley@yopmail.com,Brena.Moseley@gmail.com,doctor
204,Sean,Durante,Sean.Durante@yopmail.com,Sean.Durante@gmail.com,firefighter
205,Caressa,Imelida,Caressa.Imelida@yopmail.com,Caressa.Imelida@gmail.com,developer
206,Meriel,Chabot,Meriel.Chabot@yopmail.com,Meriel.Chabot@gmail.com,firefighter
207,Dorice,Agle,Dorice.Agle@yopmail.com,Dorice.Agle@gmail.com,worker
208,Sashenka,Behre,Sashenka.Behre@yopmail.com,Sashenka.Behre@gmail.com,police officer
209,Beverley,Katrine,Beverley.Katrine@yopmail.com,Beverley.Katrine@gmail.com,police officer
210,Priscilla,Faro,Priscilla.Faro@yopmail.com,Priscilla.Faro@gmail.com,doctor
211,Merry,Greenwald,Merry.Greenwald@yopmail.com,Merry.Greenwald@gmail.com,developer
212,Basia,Johanna,Basia.Johanna@yopmail.com,Basia.Johanna@gmail.com,police officer
213,Kerrin,Anderea,Kerrin.Anderea@yopmail.com,Kerrin.Anderea@gmail.com,police officer
214,Althea,Hanshaw,Althea.Hanshaw@yopmail.com,Althea.Hanshaw@gmail.com,doctor
215,Gerianna,Ralfston,Gerianna.Ralfston@yopmail.com,Gerianna.Ralfston@gmail.com,worker
216,Margalo,Knowling,Margalo.Knowling@yopmail.com,Margalo.Knowling@gmail.com,police officer
217,Ayn,Jary,Ayn.Jary@yopmail.com,Ayn.Jary@gmail.com,firefighter
218,Bill,Libna,Bill.Libna@yopmail.com,Bill.Libna@gmail.com,worker
219,Chickie,Phaidra,Chickie.Phaidra@yopmail.com,Chickie.Phaidra@gmail.com,developer
220,Sheree,Schwejda,Sheree.Schwejda@yopmail.com,Sheree.Schwejda@gmail.com,developer
221,Orsola,Sparhawk,Orsola.Sparhawk@yopmail.com,Orsola.Sparhawk@gmail.com,police officer
222,Clarice,Bartlett,Clarice.Bartlett@yopmail.com,Clarice.Bartlett@gmail.com,police officer
223,Basia,Ochs,Basia.Ochs@yopmail.com,Basia.Ochs@gmail.com,worker
224,Lisette,Gemini,Lisette.Gemini@yopmail.com,Lisette.Gemini@gmail.com,developer
225,Lynde,Allina,Lynde.Allina@yopmail.com,Lynde.Allina@gmail.com,doctor
226,Kaja,Anderea,Kaja.Anderea@yopmail.com,Kaja.Anderea@gmail.com,worker
227,Maud,Ashely,Maud.Ashely@yopmail.com,Maud.Ashely@gmail.com,developer
228,Betta,Sidonius,Betta.Sidonius@yopmail.com,Betta.Sidonius@gmail.com,firefighter
229,Delilah,Monk,Delilah.Monk@yopmail.com,Delilah.Monk@gmail.com,doctor
230,Ulrike,Paine,Ulrike.Paine@yopmail.com,Ulrike.Paine@gmail.com,worker
231,Kristina,Ogren,Kristina.Ogren@yopmail.com,Kristina.Ogren@gmail.com,worker
232,Tabbatha,Marisa,Tabbatha.Marisa@yopmail.com,Tabbatha.Marisa@gmail.com,developer
233,Max,Daegal,Max.Daegal@yopmail.com,Max.Daegal@gmail.com,doctor
234,Celisse,Kiyoshi,Celisse.Kiyoshi@yopmail.com,Celisse.Kiyoshi@gmail.com,police officer
235,Brooks,Kress,Brooks.Kress@yopmail.com,Brooks.Kress@gmail.com,worker
236,Sophia,Chaing,Sophia.Chaing@yopmail.com,Sophia.Chaing@gmail.com,developer
237,Agnese,Fax,Agnese.Fax@yopmail.com,Agnese.Fax@gmail.com,doctor
238,Felice,Chinua,Felice.Chinua@yopmail.com,Felice.Chinua@gmail.com,police officer
239,Jemie,Atonsah,Jemie.Atonsah@yopmail.com,Jemie.Atonsah@gmail.com,police officer
240,Lacie,Konyn,Lacie.Konyn@yopmail.com,Lacie.Konyn@gmail.com,police officer
241,Aigneis,Love,Aigneis.Love@yopmail.com,Aigneis.Love@gmail.com,doctor
242,Melina,Stav,Melina.Stav@yopmail.com,Melina.Stav@gmail.com,firefighter
243,Wendi,Rheingold,Wendi.Rheingold@yopmail.com,Wendi.Rheingold@gmail.com,firefighter
244,Kirstin,Granoff,Kirstin.Granoff@yopmail.com,Kirstin.Granoff@gmail.com,firefighter
245,Dagmar,Lalitta,Dagmar.Lalitta@yopmail.com,Dagmar.Lalitta@gmail.com,police officer
246,Joeann,Brenn,Joeann.Brenn@yopmail.com,Joeann.Brenn@gmail.com,police officer
247,Blondelle,Podvin,Blondelle.Podvin@yopmail.com,Blondelle.Podvin@gmail.com,police officer
248,Morganica,Syd,Morganica.Syd@yopmail.com,Morganica.Syd@gmail.com,doctor
249,Neila,Junie,Neila.Junie@yopmail.com,Neila.Junie@gmail.com,developer
250,Dotty,Elbertina,Dotty.Elbertina@yopmail.com,Dotty.Elbertina@gmail.com,worker
251,Carmela,Hewitt,Carmela.Hewitt@yopmail.com,Carmela.Hewitt@gmail.com,doctor
252,Melina,Halla,Melina.Halla@yopmail.com,Melina.Halla@gmail.com,developer
253,Fanny,Tamar,Fanny.Tamar@yopmail.com,Fanny.Tamar@gmail.com,firefighter
254,Laurene,Guildroy,Laurene.Guildroy@yopmail.com,Laurene.Guildroy@gmail.com,police officer
255,Malina,Bertold,Malina.Bertold@yopmail.com,Malina.Bertold@gmail.com,developer
256,Jeanna,Mallon,Jeanna.Mallon@yopmail.com,Jeanna.Mallon@gmail.com,police officer
257,Gusty,Tomasina,Gusty.Tomasina@yopmail.com,Gusty.Tomasina@gmail.com,firefighter
258,Emmey,Kenney,Emmey.Kenney@yopmail.com,Emmey.Kenney@gmail.com,worker
259,Minda,Hortensia,Minda.Hortensia@yopmail.com,Minda.Hortensia@gmail.com,firefighter
260,Susette,Brittani,Susette.Brittani@yopmail.com,Susette.Brittani@gmail.com,police officer
261,Sharai,Abram,Sharai.Abram@yopmail.com,Sharai.Abram@gmail.com,developer
262,Britte,Dorothy,Britte.Dorothy@yopmail.com,Britte.Dorothy@gmail.com,worker
263,Berget,Mott,Berget.Mott@yopmail.com,Berget.Mott@gmail.com,police officer
264,Nariko,Kress,Nariko.Kress@yopmail.com,Nariko.Kress@gmail.com,police officer
265,Chandra,McGrody,Chandra.McGrody@yopmail.com,Chandra.McGrody@gmail.com,police officer
266,Evaleen,Madaih,Evaleen.Madaih@yopmail.com,Evaleen.Madaih@gmail.com,police officer
267,Cyb,Tremayne,Cyb.Tremayne@yopmail.com,Cyb.Tremayne@gmail.com,firefighter
268,Janeczka,Francyne,Janeczka.Francyne@yopmail.com,Janeczka.Francyne@gmail.com,developer
269,Sibella,Nance,Sibella.Nance@yopmail.com,Sibella.Nance@gmail.com,police officer
270,Dorene,Randene,Dorene.Randene@yopmail.com,Dorene.Randene@gmail.com,doctor
271,Rosabelle,Dawkins,Rosabelle.Dawkins@yopmail.com,Rosabelle.Dawkins@gmail.com,doctor
272,Amalie,Shaddock,Amalie.Shaddock@yopmail.com,Amalie.Shaddock@gmail.com,developer
273,Philis,Zrike,Philis.Zrike@yopmail.com,Philis.Zrike@gmail.com,firefighter
274,Daune,Arquit,Daune.Arquit@yopmail.com,Daune.Arquit@gmail.com,worker
275,Charissa,Amand,Charissa.Amand@yopmail.com,Charissa.Amand@gmail.com,doctor
276,Charmaine,Himelman,Charmaine.Himelman@yopmail.com,Charmaine.Himelman@gmail.com,police officer
277,Vita,Dorothy,Vita.Dorothy@yopmail.com,Vita.Dorothy@gmail.com,doctor
278,Janenna,Greenwald,Janenna.Greenwald@yopmail.com,Janenna.Greenwald@gmail.com,police officer
279,Fanny,Bearnard,Fanny.Bearnard@yopmail.com,Fanny.Bearnard@gmail.com,developer
280,Karlee,Anselmi,Karlee.Anselmi@yopmail.com,Karlee.Anselmi@gmail.com,doctor
281,Lacie,Standing,Lacie.Standing@yopmail.com,Lacie.Standing@gmail.com,doctor
282,Robbi,Levey,Robbi.Levey@yopmail.com,Robbi.Levey@gmail.com,doctor
283,Joelly,Pond,Joelly.Pond@yopmail.com,Joelly.Pond@gmail.com,firefighter
284,Ernesta,Schlosser,Ernesta.Schlosser@yopmail.com,Ernesta.Schlosser@gmail.com,doctor
285,Brietta,Devlen,Brietta.Devlen@yopmail.com,Brietta.Devlen@gmail.com,doctor
286,Alisha,Regan,Alisha.Regan@yopmail.com,Alisha.Regan@gmail.com,worker
287,Chloris,Evvie,Chloris.Evvie@yopmail.com,Chloris.Evvie@gmail.com,doctor
288,Giustina,Argus,Giustina.Argus@yopmail.com,Giustina.Argus@gmail.com,firefighter
289,Ebonee,Jacqui,Ebonee.Jacqui@yopmail.com,Ebonee.Jacqui@gmail.com,firefighter
290,Gui,Hailee,Gui.Hailee@yopmail.com,Gui.Hailee@gmail.com,worker
291,Nerta,Linskey,Nerta.Linskey@yopmail.com,Nerta.Linskey@gmail.com,police officer
292,Evita,Standing,Evita.Standing@yopmail.com,Evita.Standing@gmail.com,worker
293,Jacquetta,Dituri,Jacquetta.Dituri@yopmail.com,Jacquetta.Dituri@gmail.com,doctor
294,Oona,Devlen,Oona.Devlen@yopmail.com,Oona.Devlen@gmail.com,doctor
295,Giustina,Helfand,Giustina.Helfand@yopmail.com,Giustina.Helfand@gmail.com,firefighter
296,Britni,Gerge,Britni.Gerge@yopmail.com,Britni.Gerge@gmail.com,doctor
297,Orsola,Rustice,Orsola.Rustice@yopmail.com,Orsola.Rustice@gmail.com,doctor
298,Annabela,Natica,Annabela.Natica@yopmail.com,Annabela.Natica@gmail.com,worker
299,Desirae,Goth,Desirae.Goth@yopmail.com,Desirae.Goth@gmail.com,worker
300,Marnia,Terencio,Marnia.Terencio@yopmail.com,Marnia.Terencio@gmail.com,developer
301,Molli,Thar,Molli.Thar@yopmail.com,Molli.Thar@gmail.com,worker
302,Arabel,Wenda,Arabel.Wenda@yopmail.com,Arabel.Wenda@gmail.com,worker
303,Edith,Othilia,Edith.Othilia@yopmail.com,Edith.Othilia@gmail.com,developer
304,Aaren,Bearnard,Aaren.Bearnard@yopmail.com,Aaren.Bearnard@gmail.com,worker
305,Blondelle,Virgin,Blondelle.Virgin@yopmail.com,Blondelle.Virgin@gmail.com,firefighter
306,Odessa,Fink,Odessa.Fink@yopmail.com,Odessa.Fink@gmail.com,doctor
307,Winifred,Trace,Winifred.Trace@yopmail.com,Winifred.Trace@gmail.com,firefighter
308,Micheline,Klotz,Micheline.Klotz@yopmail.com,Micheline.Klotz@gmail.com,worker
309,Fawne,Ulphia,Fawne.Ulphia@yopmail.com,Fawne.Ulphia@gmail.com,firefighter
310,Susan,Bearnard,Susan.Bearnard@yopmail.com,Susan.Bearnard@gmail.com,developer
311,Ariela,Adore,Ariela.Adore@yopmail.com,Ariela.Adore@gmail.com,firefighter
312,Aurore,Heidt,Aurore.Heidt@yopmail.com,Aurore.Heidt@gmail.com,doctor
313,Elora,Gregrory,Elora.Gregrory@yopmail.com,Elora.Gregrory@gmail.com,police officer
314,Wanda,Stover,Wanda.Stover@yopmail.com,Wanda.Stover@gmail.com,firefighter
315,Lenna,Lanita,Lenna.Lanita@yopmail.com,Lenna.Lanita@gmail.com,worker
316,Antonietta,Harday,Antonietta.Harday@yopmail.com,Antonietta.Harday@gmail.com,firefighter
317,Etta,Brodench,Etta.Brodench@yopmail.com,Etta.Brodench@gmail.com,police officer
318,Kirbee,Creamer,Kirbee.Creamer@yopmail.com,Kirbee.Creamer@gmail.com,police officer
319,Gertrud,Casimir,Gertrud.Casimir@yopmail.com,Gertrud.Casimir@gmail.com,firefighter
320,Selma,Darrell,Selma.Darrell@yopmail.com,Selma.Darrell@gmail.com,police officer
321,Queenie,Jillane,Queenie.Jillane@yopmail.com,Queenie.Jillane@gmail.com,developer
322,Tersina,Montgomery,Tersina.Montgomery@yopmail.com,Tersina.Montgomery@gmail.com,firefighter
323,Althea,Secrest,Althea.Secrest@yopmail.com,Althea.Secrest@gmail.com,police officer
324,Cyb,Kazimir,Cyb.Kazimir@yopmail.com,Cyb.Kazimir@gmail.com,worker
325,Ottilie,Garek,Ottilie.Garek@yopmail.com,Ottilie.Garek@gmail.com,firefighter
326,Caressa,Braun,Caressa.Braun@yopmail.com,Caressa.Braun@gmail.com,firefighter
327,Lynnea,Shuler,Lynnea.Shuler@yopmail.com,Lynnea.Shuler@gmail.com,police officer
328,Elora,Clarissa,Elora.Clarissa@yopmail.com,Elora.Clarissa@gmail.com,doctor
329,Phylis,Tannie,Phylis.Tannie@yopmail.com,Phylis.Tannie@gmail.com,police officer
330,Phylis,LaRue,Phylis.LaRue@yopmail.com,Phylis.LaRue@gmail.com,firefighter
331,Jan,Hanleigh,Jan.Hanleigh@yopmail.com,Jan.Hanleigh@gmail.com,developer
332,Anthia,Malvino,Anthia.Malvino@yopmail.com,Anthia.Malvino@gmail.com,developer
333,Henriette,Westphal,Henriette.Westphal@yopmail.com,Henriette.Westphal@gmail.com,police officer
334,Shannah,Raama,Shannah.Raama@yopmail.com,Shannah.Raama@gmail.com,firefighter
335,Bernardine,Odell,Bernardine.Odell@yopmail.com,Bernardine.Odell@gmail.com,police officer
336,Blake,Federica,Blake.Federica@yopmail.com,Blake.Federica@gmail.com,firefighter
337,Molli,Jobi,Molli.Jobi@yopmail.com,Molli.Jobi@gmail.com,police officer
338,Quintina,Poll,Quintina.Poll@yopmail.com,Quintina.Poll@gmail.com,worker
339,Nerta,Brackely,Nerta.Brackely@yopmail.com,Nerta.Brackely@gmail.com,police officer
340,Harmonia,Garek,Harmonia.Garek@yopmail.com,Harmonia.Garek@gmail.com,doctor
341,Merle,Delila,Merle.Delila@yopmail.com,Merle.Delila@gmail.com,police officer
342,Joeann,Kannry,Joeann.Kannry@yopmail.com,Joeann.Kannry@gmail.com,doctor
343,Angelique,Allys,Angelique.Allys@yopmail.com,Angelique.Allys@gmail.com,police officer
344,Berget,Adalbert,Berget.Adalbert@yopmail.com,Berget.Adalbert@gmail.com,doctor
345,Gale,Izaak,Gale.Izaak@yopmail.com,Gale.Izaak@gmail.com,worker
346,Marinna,Corrine,Marinna.Corrine@yopmail.com,Marinna.Corrine@gmail.com,worker
347,Tonia,Zuzana,Tonia.Zuzana@yopmail.com,Tonia.Zuzana@gmail.com,firefighter
348,Leeanne,Mata,Leeanne.Mata@yopmail.com,Leeanne.Mata@gmail.com,doctor
349,Carmencita,Pernick,Carmencita.Pernick@yopmail.com,Carmencita.Pernick@gmail.com,doctor
350,Modestia,Helfand,Modestia.Helfand@yopmail.com,Modestia.Helfand@gmail.com,police officer
351,Louella,Old,Louella.Old@yopmail.com,Louella.Old@gmail.com,police officer
352,Latisha,Othilia,Latisha.Othilia@yopmail.com,Latisha.Othilia@gmail.com,worker
353,Ericka,Gombach,Ericka.Gombach@yopmail.com,Ericka.Gombach@gmail.com,police officer
354,Kamilah,Jess,Kamilah.Jess@yopmail.com,Kamilah.Jess@gmail.com,doctor
355,Mathilda,Pulsifer,Mathilda.Pulsifer@yopmail.com,Mathilda.Pulsifer@gmail.com,developer
356,Berget,Deegan,Berget.Deegan@yopmail.com,Berget.Deegan@gmail.com,police officer
357,Mignon,Donoghue,Mignon.Donoghue@yopmail.com,Mignon.Donoghue@gmail.com,worker
358,Vivia,Arathorn,Vivia.Arathorn@yopmail.com,Vivia.Arathorn@gmail.com,doctor
359,Tierney,Rese,Tierney.Rese@yopmail.com,Tierney.Rese@gmail.com,doctor
360,Eadie,Malvino,Eadie.Malvino@yopmail.com,Eadie.Malvino@gmail.com,worker
361,Lesly,Kermit,Lesly.Kermit@yopmail.com,Lesly.Kermit@gmail.com,worker
362,Vita,Tristram,Vita.Tristram@yopmail.com,Vita.Tristram@gmail.com,police officer
363,Jan,Alva,Jan.Alva@yopmail.com,Jan.Alva@gmail.com,police officer
364,Ernesta,Aprile,Ernesta.Aprile@yopmail.com,Ernesta.Aprile@gmail.com,police officer
365,Rosaline,Yoko,Rosaline.Yoko@yopmail.com,Rosaline.Yoko@gmail.com,doctor
366,Clarice,Plato,Clarice.Plato@yopmail.com,Clarice.Plato@gmail.com,doctor
367,Gerianna,Ellord,Gerianna.Ellord@yopmail.com,Gerianna.Ellord@gmail.com,firefighter
368,Veda,Tybald,Veda.Tybald@yopmail.com,Veda.Tybald@gmail.com,firefighter
369,Gabi,Saint,Gabi.Saint@yopmail.com,Gabi.Saint@gmail.com,police officer
370,Ashlee,Nelsen,Ashlee.Nelsen@yopmail.com,Ashlee.Nelsen@gmail.com,worker
371,Ofilia,Mozelle,Ofilia.Mozelle@yopmail.com,Ofilia.Mozelle@gmail.com,doctor
372,Chickie,Thornburg,Chickie.Thornburg@yopmail.com,Chickie.Thornburg@gmail.com,developer
373,Marinna,Cullin,Marinna.Cullin@yopmail.com,Marinna.Cullin@gmail.com,doctor
374,Clo,Jobi,Clo.Jobi@yopmail.com,Clo.Jobi@gmail.com,doctor
375,Robbi,Poll,Robbi.Poll@yopmail.com,Robbi.Poll@gmail.com,worker
376,Brietta,Birdella,Brietta.Birdella@yopmail.com,Brietta.Birdella@gmail.com,police officer
377,Edyth,Ioab,Edyth.Ioab@yopmail.com,Edyth.Ioab@gmail.com,firefighter
378,Shandie,Cavan,Shandie.Cavan@yopmail.com,Shandie.Cavan@gmail.com,doctor
379,Susette,Hollingsworth,Susette.Hollingsworth@yopmail.com,Susette.Hollingsworth@gmail.com,firefighter
380,Brynna,Fink,Brynna.Fink@yopmail.com,Brynna.Fink@gmail.com,police officer
381,Jacenta,Bow,Jacenta.Bow@yopmail.com,Jacenta.Bow@gmail.com,doctor
382,Corene,Thad,Corene.Thad@yopmail.com,Corene.Thad@gmail.com,doctor
383,Vita,Belldas,Vita.Belldas@yopmail.com,Vita.Belldas@gmail.com,doctor
384,Edee,Rugen,Edee.Rugen@yopmail.com,Edee.Rugen@gmail.com,worker
385,Starla,Ball,Starla.Ball@yopmail.com,Starla.Ball@gmail.com,firefighter
386,Bettine,Montgomery,Bettine.Montgomery@yopmail.com,Bettine.Montgomery@gmail.com,doctor
387,Alex,Gombach,Alex.Gombach@yopmail.com,Alex.Gombach@gmail.com,doctor
388,Sabina,Fillbert,Sabina.Fillbert@yopmail.com,Sabina.Fillbert@gmail.com,doctor
389,Leona,Swanhildas,Leona.Swanhildas@yopmail.com,Leona.Swanhildas@gmail.com,firefighter
390,Ada,Papageno,Ada.Papageno@yopmail.com,Ada.Papageno@gmail.com,worker
391,Augustine,Maribeth,Augustine.Maribeth@yopmail.com,Augustine.Maribeth@gmail.com,doctor
392,Johna,Tybald,Johna.Tybald@yopmail.com,Johna.Tybald@gmail.com,doctor
393,Carmela,O'Carroll,Carmela.O'Carroll@yopmail.com,Carmela.O'Carroll@gmail.com,doctor
394,Fina,Read,Fina.Read@yopmail.com,Fina.Read@gmail.com,police officer
395,Daune,Kalinda,Daune.Kalinda@yopmail.com,Daune.Kalinda@gmail.com,police officer
396,Keelia,Marlie,Keelia.Marlie@yopmail.com,Keelia.Marlie@gmail.com,police officer
397,Dacia,Glenden,Dacia.Glenden@yopmail.com,Dacia.Glenden@gmail.com,worker
398,Pamella,Lacombe,Pamella.Lacombe@yopmail.com,Pamella.Lacombe@gmail.com,developer
399,Ketti,Johanna,Ketti.Johanna@yopmail.com,Ketti.Johanna@gmail.com,developer
400,Kara-Lynn,Orelee,Kara-Lynn.Orelee@yopmail.com,Kara-Lynn.Orelee@gmail.com,developer
401,Anestassia,Ferino,Anestassia.Ferino@yopmail.com,Anestassia.Ferino@gmail.com,police officer
402,Shel,Phi,Shel.Phi@yopmail.com,Shel.Phi@gmail.com,police officer
403,Paola,Boehike,Paola.Boehike@yopmail.com,Paola.Boehike@gmail.com,worker
404,Iseabal,Delacourt,Iseabal.Delacourt@yopmail.com,Iseabal.Delacourt@gmail.com,worker
405,Rayna,Karylin,Rayna.Karylin@yopmail.com,Rayna.Karylin@gmail.com,firefighter
406,Grier,Dash,Grier.Dash@yopmail.com,Grier.Dash@gmail.com,worker
407,Adelle,Yerkovich,Adelle.Yerkovich@yopmail.com,Adelle.Yerkovich@gmail.com,firefighter
408,Kittie,Byrne,Kittie.Byrne@yopmail.com,Kittie.Byrne@gmail.com,doctor
409,Judy,Bord,Judy.Bord@yopmail.com,Judy.Bord@gmail.com,firefighter
410,Leia,Joseph,Leia.Joseph@yopmail.com,Leia.Joseph@gmail.com,worker
411,Dolli,My,Dolli.My@yopmail.com,Dolli.My@gmail.com,police officer
412,Phylis,Christal,Phylis.Christal@yopmail.com,Phylis.Christal@gmail.com,worker
413,Lily,Demitria,Lily.Demitria@yopmail.com,Lily.Demitria@gmail.com,doctor
414,Larine,Wittie,Larine.Wittie@yopmail.com,Larine.Wittie@gmail.com,firefighter
415,Aaren,Dorcy,Aaren.Dorcy@yopmail.com,Aaren.Dorcy@gmail.com,police officer
416,Dianemarie,Vastah,Dianemarie.Vastah@yopmail.com,Dianemarie.Vastah@gmail.com,developer
417,Danika,Henrie,Danika.Henrie@yopmail.com,Danika.Henrie@gmail.com,developer
418,Barbi,Brenn,Barbi.Brenn@yopmail.com,Barbi.Brenn@gmail.com,developer
419,Belva,Ardra,Belva.Ardra@yopmail.com,Belva.Ardra@gmail.com,developer
420,Kirbee,Knowling,Kirbee.Knowling@yopmail.com,Kirbee.Knowling@gmail.com,doctor
421,Sheelagh,Breed,Sheelagh.Breed@yopmail.com,Sheelagh.Breed@gmail.com,police officer
422,Judy,Andrel,Judy.Andrel@yopmail.com,Judy.Andrel@gmail.com,worker
423,Arlina,Giule,Arlina.Giule@yopmail.com,Arlina.Giule@gmail.com,worker
424,Ermengarde,Raama,Ermengarde.Raama@yopmail.com,Ermengarde.Raama@gmail.com,firefighter
425,Cassondra,Capello,Cassondra.Capello@yopmail.com,Cassondra.Capello@gmail.com,doctor
426,Mara,Pozzy,Mara.Pozzy@yopmail.com,Mara.Pozzy@gmail.com,police officer
427,Gwyneth,Saree,Gwyneth.Saree@yopmail.com,Gwyneth.Saree@gmail.com,firefighter
428,Cherrita,Lea,Cherrita.Lea@yopmail.com,Cherrita.Lea@gmail.com,doctor
429,Sashenka,Orpah,Sashenka.Orpah@yopmail.com,Sashenka.Orpah@gmail.com,firefighter
430,Lonnie,Abbot,Lonnie.Abbot@yopmail.com,Lonnie.Abbot@gmail.com,worker
431,Winifred,Saint,Winifred.Saint@yopmail.com,Winifred.Saint@gmail.com,firefighter
432,Dede,Croix,Dede.Croix@yopmail.com,Dede.Croix@gmail.com,firefighter
433,Nariko,Federica,Nariko.Federica@yopmail.com,Nariko.Federica@gmail.com,worker
434,Madeleine,Decato,Madeleine.Decato@yopmail.com,Madeleine.Decato@gmail.com,firefighter
435,Lorenza,Chapland,Lorenza.Chapland@yopmail.com,Lorenza.Chapland@gmail.com,police officer
436,Gisela,Read,Gisela.Read@yopmail.com,Gisela.Read@gmail.com,police officer
437,Miquela,Kiersten,Miquela.Kiersten@yopmail.com,Miquela.Kiersten@gmail.com,worker
438,Dede,An,Dede.An@yopmail.com,Dede.An@gmail.com,doctor
439,Stephanie,Swigart,Stephanie.Swigart@yopmail.com,Stephanie.Swigart@gmail.com,developer
440,Ingrid,Buttaro,Ingrid.Buttaro@yopmail.com,Ingrid.Buttaro@gmail.com,doctor
441,Joelly,Marden,Joelly.Marden@yopmail.com,Joelly.Marden@gmail.com,doctor
442,Rosabelle,Lia,Rosabelle.Lia@yopmail.com,Rosabelle.Lia@gmail.com,developer
443,Marcy,Auberbach,Marcy.Auberbach@yopmail.com,Marcy.Auberbach@gmail.com,police officer
444,Zia,Casimir,Zia.Casimir@yopmail.com,Zia.Casimir@gmail.com,developer
445,Lauryn,Juliet,Lauryn.Juliet@yopmail.com,Lauryn.Juliet@gmail.com,developer
446,Jacenta,Lenny,Jacenta.Lenny@yopmail.com,Jacenta.Lenny@gmail.com,developer
447,Vonny,Dahlia,Vonny.Dahlia@yopmail.com,Vonny.Dahlia@gmail.com,doctor
448,Ermengarde,Vharat,Ermengarde.Vharat@yopmail.com,Ermengarde.Vharat@gmail.com,developer
449,Ebonee,Rurik,Ebonee.Rurik@yopmail.com,Ebonee.Rurik@gmail.com,firefighter
450,Abbie,Lory,Abbie.Lory@yopmail.com,Abbie.Lory@gmail.com,doctor
451,Pearline,Croix,Pearline.Croix@yopmail.com,Pearline.Croix@gmail.com,firefighter
452,Nonnah,Vivle,Nonnah.Vivle@yopmail.com,Nonnah.Vivle@gmail.com,doctor
453,Kellen,Munn,Kellen.Munn@yopmail.com,Kellen.Munn@gmail.com,worker
454,Kylynn,Thad,Kylynn.Thad@yopmail.com,Kylynn.Thad@gmail.com,developer
455,Taffy,Erlandson,Taffy.Erlandson@yopmail.com,Taffy.Erlandson@gmail.com,worker
456,Elsie,Kronfeld,Elsie.Kronfeld@yopmail.com,Elsie.Kronfeld@gmail.com,worker
457,Deloria,Raul,Deloria.Raul@yopmail.com,Deloria.Raul@gmail.com,doctor
458,Lorne,McClimans,Lorne.McClimans@yopmail.com,Lorne.McClimans@gmail.com,worker
459,Roberta,Papageno,Roberta.Papageno@yopmail.com,Roberta.Papageno@gmail.com,police officer
460,Jerry,Edison,pawa@gmail.com,Jerry.Edison@gmail.com,doctor
461,Susan,Tatianas,pawa@techmania.pk,Susan.Tatianas@gmail.com,worker
464,Maud,Keily,pawa@gmail.com,Maud.Keily@gmail.com,worker
465,June,Carvey,harry@gmail.com,June.Carvey@gmail.com,police officer
,,,,,
,,,,,
